"topic","page","modul","replace"
"calendar","calendar","episode","replace modul="episode" if page=="calendar""
"episodeCreate","episodeCreate","episode","replace modul="episode" if page=="episodeCreate""
"episodeUpdate","episodeUpdate","episode","replace modul="episode" if page=="episodeUpdate""
"dispatcher","episodeDispatcher","episodes","replace modul="episodes" if page=="episodeDispatcher""
"dispatcher","surveyDispatcher","episodes","replace modul="episodes" if page=="surveyDispatcher""
"dispatcher","episodeUpdateDispatcher","episodes","replace modul="episodes" if page=="episodeUpdateDispatcher""
"dispatcher","episodeUpdateExitDispatcher","episodes","replace modul="episodes" if page=="episodeUpdateExitDispatcher""
"debug","indexWarning","debug","replace modul="debug" if page=="indexWarning""
"debug","debug","debug","replace modul="debug" if page=="debug""
"dispatcher","set_episode_index","episodes","replace modul="episodes" if page=="set_episode_index""
"episodeDelete","episodeDelete","episodes","replace modul="episodes" if page=="episodeDelete""
"dispatcher","defaultLanding_sco","episode","replace modul="episode" if page=="defaultLanding_sco""
"dispatcher","defaultLanding_stu","episode","replace modul="episode" if page=="defaultLanding_stu""
"dispatcher","defaultLanding_voc","episode","replace modul="episode" if page=="defaultLanding_voc""
"dispatcher","defaultLanding_fed","episode","replace modul="episode" if page=="defaultLanding_fed""
"dispatcher","defaultLanding_job","episode","replace modul="episode" if page=="defaultLanding_job""
"dispatcher","defaultLanding_emp","episode","replace modul="episode" if page=="defaultLanding_emp""
"dispatcher","defaultLanding_sem","episode","replace modul="episode" if page=="defaultLanding_sem""
"dispatcher","defaultLanding_int","episode","replace modul="episode" if page=="defaultLanding_int""
"dispatcher","defaultLanding_doc","episode","replace modul="episode" if page=="defaultLanding_doc""
"dispatcher","defaultLanding_mpl","episode","replace modul="episode" if page=="defaultLanding_mpl""
"dispatcher","defaultLanding_uem","episode","replace modul="episode" if page=="defaultLanding_uem""
"dispatcher","defaultLanding_oth","episode","replace modul="episode" if page=="defaultLanding_oth""
"debug","debug2","debug","replace modul="debug" if page=="debug2""
"vocx","vocx001","episodes","replace modul="episodes" if page=="vocx001""
"vocx","vocx002","episodes","replace modul="episodes" if page=="vocx002""
"voca","voca008","episodes","replace modul="episodes" if page=="voca008""
"voca","voca009","episodes","replace modul="episodes" if page=="voca009""
"voca","voca010","episodes","replace modul="episodes" if page=="voca010""
"voca","voca011","episodes","replace modul="episodes" if page=="voca011""
"voca","voca013","episodes","replace modul="episodes" if page=="voca013""
"voca","voca018","episodes","replace modul="episodes" if page=="voca018""
"voca","voca019","episodes","replace modul="episodes" if page=="voca019""
"voca","voca021","episodes","replace modul="episodes" if page=="voca021""
"voca","voca022","episodes","replace modul="episodes" if page=="voca022""
"voca","voca023","episodes","replace modul="episodes" if page=="voca023""
"vocz","vocz008","episodes","replace modul="episodes" if page=="vocz008""
"vocz","vocz009","episodes","replace modul="episodes" if page=="vocz009""
"vocz","vocz013","episodes","replace modul="episodes" if page=="vocz013""
"vocz","vocz021","episodes","replace modul="episodes" if page=="vocz021""
"vocz","vocz022","episodes","replace modul="episodes" if page=="vocz022""
"vocz","vocz023","episodes","replace modul="episodes" if page=="vocz023""
"stux","stux001","episodes","replace modul="episodes" if page=="stux001""
"stux","stux002","episodes","replace modul="episodes" if page=="stux002""
"stua","stua008","episodes","replace modul="episodes" if page=="stua008""
"stua","stua011","episodes","replace modul="episodes" if page=="stua011""
"stua","stua013","episodes","replace modul="episodes" if page=="stua013""
"stua","stua017","episodes","replace modul="episodes" if page=="stua017""
"stua","stua019","episodes","replace modul="episodes" if page=="stua019""
"stua","stua020","episodes","replace modul="episodes" if page=="stua020""
"stua","stua026","episodes","replace modul="episodes" if page=="stua026""
"stua","stua027","episodes","replace modul="episodes" if page=="stua027""
"stua","stua032","episodes","replace modul="episodes" if page=="stua032""
"stua","stua033","episodes","replace modul="episodes" if page=="stua033""
"stua","stua036","episodes","replace modul="episodes" if page=="stua036""
"stua","stua038","episodes","replace modul="episodes" if page=="stua038""
"stua","stua039","episodes","replace modul="episodes" if page=="stua039""
"mplx","mplx001","episodes","replace modul="episodes" if page=="mplx001""
"mplx","mplx002","episodes","replace modul="episodes" if page=="mplx002""
"mpla","mpla008","episodes","replace modul="episodes" if page=="mpla008""
"mpla","mpla013","episodes","replace modul="episodes" if page=="mpla013""
"intx","intx001","episodes","replace modul="episodes" if page=="intx001""
"intx","intx002","episodes","replace modul="episodes" if page=="intx002""
"inta","inta008","episodes","replace modul="episodes" if page=="inta008""
"inta","inta009","episodes","replace modul="episodes" if page=="inta009""
"inta","inta014","episodes","replace modul="episodes" if page=="inta014""
"inta","inta015","episodes","replace modul="episodes" if page=="inta015""
"inta","inta016","episodes","replace modul="episodes" if page=="inta016""
"inta","inta020","episodes","replace modul="episodes" if page=="inta020""
"fedx","fedx001","episodes","replace modul="episodes" if page=="fedx001""
"fedx","fedx002","episodes","replace modul="episodes" if page=="fedx002""
"feda","feda008","episodes","replace modul="episodes" if page=="feda008""
"feda","feda010","episodes","replace modul="episodes" if page=="feda010""
"scox","scox001","episodes","replace modul="episodes" if page=="scox001""
"scox","scox002","episodes","replace modul="episodes" if page=="scox002""
"scoa","scoa008","episodes","replace modul="episodes" if page=="scoa008""
"scoa","scoa011","episodes","replace modul="episodes" if page=="scoa011""
"scoa","scoa013","episodes","replace modul="episodes" if page=="scoa013""
"scoa","scoa018","episodes","replace modul="episodes" if page=="scoa018""
"scoa","scoa019","episodes","replace modul="episodes" if page=="scoa019""
"scoa","scoa021","episodes","replace modul="episodes" if page=="scoa021""
"docx","docx001","episodes","replace modul="episodes" if page=="docx001""
"docx","docx002","episodes","replace modul="episodes" if page=="docx002""
"doca","doca008","episodes","replace modul="episodes" if page=="doca008""
"doca","doca011","episodes","replace modul="episodes" if page=="doca011""
"doca","doca013","episodes","replace modul="episodes" if page=="doca013""
"doca","doca016","episodes","replace modul="episodes" if page=="doca016""
"doca","doca022","episodes","replace modul="episodes" if page=="doca022""
"doca","doca023","episodes","replace modul="episodes" if page=="doca023""
"doca","doca026","episodes","replace modul="episodes" if page=="doca026""
"doca","doca027","episodes","replace modul="episodes" if page=="doca027""
"doca","doca029","episodes","replace modul="episodes" if page=="doca029""
"doca","doca030","episodes","replace modul="episodes" if page=="doca030""
"doca","doca032","episodes","replace modul="episodes" if page=="doca032""
"doca","doca035","episodes","replace modul="episodes" if page=="doca035""
"doca","doca037","episodes","replace modul="episodes" if page=="doca037""
"doca","doca039","episodes","replace modul="episodes" if page=="doca039""
"doca","doca042","episodes","replace modul="episodes" if page=="doca042""
"doca","doca044","episodes","replace modul="episodes" if page=="doca044""
"othx","othx001","episodes","replace modul="episodes" if page=="othx001""
"othx","othx002","episodes","replace modul="episodes" if page=="othx002""
"otha","otha008","episodes","replace modul="episodes" if page=="otha008""
"otha","otha010","episodes","replace modul="episodes" if page=="otha010""
"empx","empx001","episodes","replace modul="episodes" if page=="empx001""
"empx","empx002","episodes","replace modul="episodes" if page=="empx002""
"empa","empa009","episodes","replace modul="episodes" if page=="empa009""
"empa","empa012","episodes","replace modul="episodes" if page=="empa012""
"empa","empa014","episodes","replace modul="episodes" if page=="empa014""
"empa","empa015","episodes","replace modul="episodes" if page=="empa015""
"empa","empa016","episodes","replace modul="episodes" if page=="empa016""
"empa","empa017","episodes","replace modul="episodes" if page=="empa017""
"empa","empa019","episodes","replace modul="episodes" if page=="empa019""
"empa","empa025","episodes","replace modul="episodes" if page=="empa025""
"empa","empa027","episodes","replace modul="episodes" if page=="empa027""
"empa","empa029","episodes","replace modul="episodes" if page=="empa029""
"empa","empa031","episodes","replace modul="episodes" if page=="empa031""
"empa","empa034","episodes","replace modul="episodes" if page=="empa034""
"empa","empa036","episodes","replace modul="episodes" if page=="empa036""
"empa","empa038","episodes","replace modul="episodes" if page=="empa038""
"empa","empa042","episodes","replace modul="episodes" if page=="empa042""
"empa","empa045","episodes","replace modul="episodes" if page=="empa045""
"empa","empa046","episodes","replace modul="episodes" if page=="empa046""
"empa","empa048","episodes","replace modul="episodes" if page=="empa048""
"empa","empa049","episodes","replace modul="episodes" if page=="empa049""
"empa","empa050","episodes","replace modul="episodes" if page=="empa050""
"empa","empa051","episodes","replace modul="episodes" if page=="empa051""
"empa","empa052","episodes","replace modul="episodes" if page=="empa052""
"empa","empa055","episodes","replace modul="episodes" if page=="empa055""
"empa","empa056","episodes","replace modul="episodes" if page=="empa056""
"empa","empa068","episodes","replace modul="episodes" if page=="empa068""
"empa","empa069","episodes","replace modul="episodes" if page=="empa069""
"empa","empa070","episodes","replace modul="episodes" if page=="empa070""
"empa","empa072","episodes","replace modul="episodes" if page=="empa072""
"empa","empa075","episodes","replace modul="episodes" if page=="empa075""
"carx","carx001","episodes","replace modul="episodes" if page=="carx001""
"carx","carx002","episodes","replace modul="episodes" if page=="carx002""
"uemx","uemx001","episodes","replace modul="episodes" if page=="uemx001""
"uemx","uemx002","episodes","replace modul="episodes" if page=="uemx002""
"uema","uema008","episodes","replace modul="episodes" if page=="uema008""
"uema","uema009","episodes","replace modul="episodes" if page=="uema009""
"semx","semx001","episodes","replace modul="episodes" if page=="semx001""
"semx","semx002","episodes","replace modul="episodes" if page=="semx002""
"sema","sema008","episodes","replace modul="episodes" if page=="sema008""
"sema","sema009","episodes","replace modul="episodes" if page=="sema009""
"sema","sema014","episodes","replace modul="episodes" if page=="sema014""
"sema","sema015","episodes","replace modul="episodes" if page=="sema015""
"sema","sema016","episodes","replace modul="episodes" if page=="sema016""
"sema","sema033","episodes","replace modul="episodes" if page=="sema033""
"sema","sema018","episodes","replace modul="episodes" if page=="sema018""
"sema","sema024","episodes","replace modul="episodes" if page=="sema024""
"sema","sema026","episodes","replace modul="episodes" if page=="sema026""
"sema","sema032","episodes","replace modul="episodes" if page=="sema032""
"sema","sema030","episodes","replace modul="episodes" if page=="sema030""
"sema","sema027","episodes","replace modul="episodes" if page=="sema027""
"sema","sema028","episodes","replace modul="episodes" if page=="sema028""
"joba","joba001","episodes","replace modul="episodes" if page=="joba001""
"dispatcher","backwardsBlock_doca008","episode","replace modul="episode" if page=="backwardsBlock_doca008""
"dispatcher","backwardsBlock_doca011","episode","replace modul="episode" if page=="backwardsBlock_doca011""
"dispatcher","backwardsBlock_doca016","episode","replace modul="episode" if page=="backwardsBlock_doca016""
"dispatcher","backwardsBlock_empa009","episode","replace modul="episode" if page=="backwardsBlock_empa009""
"dispatcher","backwardsBlock_empa014","episode","replace modul="episode" if page=="backwardsBlock_empa014""
"dispatcher","backwardsBlock_empa019","episode","replace modul="episode" if page=="backwardsBlock_empa019""
"dispatcher","backwardsBlock_empa027","episode","replace modul="episode" if page=="backwardsBlock_empa027""
"dispatcher","backwardsBlock_empa031","episode","replace modul="episode" if page=="backwardsBlock_empa031""
"dispatcher","backwardsBlock_empa036","episode","replace modul="episode" if page=="backwardsBlock_empa036""
"dispatcher","backwardsBlock_empa040","episode","replace modul="episode" if page=="backwardsBlock_empa040""
"dispatcher","backwardsBlock_feda008","episode","replace modul="episode" if page=="backwardsBlock_feda008""
"dispatcher","backwardsBlock_inta008","episode","replace modul="episode" if page=="backwardsBlock_inta008""
"dispatcher","backwardsBlock_joba001","episode","replace modul="episode" if page=="backwardsBlock_joba001""
"dispatcher","backwardsBlock_mpla008","episode","replace modul="episode" if page=="backwardsBlock_mpla008""
"dispatcher","backwardsBlock_otha008","episode","replace modul="episode" if page=="backwardsBlock_otha008""
"dispatcher","backwardsBlock_scoa008","episode","replace modul="episode" if page=="backwardsBlock_scoa008""
"dispatcher","backwardsBlock_sema008","episode","replace modul="episode" if page=="backwardsBlock_sema008""
"dispatcher","backwardsBlock_sema018","episode","replace modul="episode" if page=="backwardsBlock_sema018""
"dispatcher","backwardsBlock_stua008","episode","replace modul="episode" if page=="backwardsBlock_stua008""
"dispatcher","backwardsBlock_stua013","episode","replace modul="episode" if page=="backwardsBlock_stua013""
"dispatcher","backwardsBlock_stua019","episode","replace modul="episode" if page=="backwardsBlock_stua019""
"dispatcher","backwardsBlock_stua038","episode","replace modul="episode" if page=="backwardsBlock_stua038""
"dispatcher","backwardsBlock_uema008","episode","replace modul="episode" if page=="backwardsBlock_uema008""
"dispatcher","backwardsBlock_voca008","episode","replace modul="episode" if page=="backwardsBlock_voca008""
"dispatcher","backwardsBlock_voca009","episode","replace modul="episode" if page=="backwardsBlock_voca009""
"dispatcher","backwardsBlock_voca013","episode","replace modul="episode" if page=="backwardsBlock_voca013""
"dispatcher","splitLanding_sco","episode","replace modul="episode" if page=="splitLanding_sco""
"dispatcher","splitLanding_stu","episode","replace modul="episode" if page=="splitLanding_stu""
"dispatcher","splitLanding_voc","episode","replace modul="episode" if page=="splitLanding_voc""
"dispatcher","splitLanding_fed","episode","replace modul="episode" if page=="splitLanding_fed""
"dispatcher","splitLanding_job","episode","replace modul="episode" if page=="splitLanding_job""
"dispatcher","splitLanding_emp","episode","replace modul="episode" if page=="splitLanding_emp""
"dispatcher","splitLanding_sem","episode","replace modul="episode" if page=="splitLanding_sem""
"dispatcher","splitLanding_int","episode","replace modul="episode" if page=="splitLanding_int""
"dispatcher","splitLanding_doc","episode","replace modul="episode" if page=="splitLanding_doc""
"dispatcher","splitLanding_mpl","episode","replace modul="episode" if page=="splitLanding_mpl""
"dispatcher","splitLanding_uem","episode","replace modul="episode" if page=="splitLanding_uem""
"dispatcher","splitLanding_oth","episode","replace modul="episode" if page=="splitLanding_oth""
"dispatcher","manualBackwardsBlock_carx001","episode","replace modul="episode" if page=="manualBackwardsBlock_carx001""
"dispatcher","manualBackwardsBlock_vocx001","episode","replace modul="episode" if page=="manualBackwardsBlock_vocx001""
"dispatcher","manualBackwardsBlock_empx001","episode","replace modul="episode" if page=="manualBackwardsBlock_empx001""
"dispatcher","manualBackwardsBlock_semx001","episode","replace modul="episode" if page=="manualBackwardsBlock_semx001""
"dispatcher","manualBackwardsBlock_intx001","episode","replace modul="episode" if page=="manualBackwardsBlock_intx001""
"dispatcher","manualBackwardsBlock_stux001","episode","replace modul="episode" if page=="manualBackwardsBlock_stux001""
"stuz","stuz008","episodes","replace modul="episodes" if page=="stuz008""
"stuz","stuz013","episodes","replace modul="episodes" if page=="stuz013""
"stuz","stuz019","episodes","replace modul="episodes" if page=="stuz019""
"stuz","stuz020","episodes","replace modul="episodes" if page=="stuz020""
"stuz","stuz026","episodes","replace modul="episodes" if page=="stuz026""
"stuz","stuz027","episodes","replace modul="episodes" if page=="stuz027""
"stuz","stuz036","episodes","replace modul="episodes" if page=="stuz036""
"stuz","stuz038","episodes","replace modul="episodes" if page=="stuz038""
"stuz","stuz039","episodes","replace modul="episodes" if page=="stuz039""
"mplz","mplz008","episodes","replace modul="episodes" if page=="mplz008""
"mplz","mplz013","episodes","replace modul="episodes" if page=="mplz013""
"intz","intz008","episodes","replace modul="episodes" if page=="intz008""
"intz","intz009","episodes","replace modul="episodes" if page=="intz009""
"intz","intz014","episodes","replace modul="episodes" if page=="intz014""
"intz","intz015","episodes","replace modul="episodes" if page=="intz015""
"intz","intz016","episodes","replace modul="episodes" if page=="intz016""
"intz","intz020","episodes","replace modul="episodes" if page=="intz020""
"fedz","fedz008","episodes","replace modul="episodes" if page=="fedz008""
"fedz","fedz010","episodes","replace modul="episodes" if page=="fedz010""
"scoz","scoz008","episodes","replace modul="episodes" if page=="scoz008""
"scoz","scoz013","episodes","replace modul="episodes" if page=="scoz013""
"scoz","scoz018","episodes","replace modul="episodes" if page=="scoz018""
"scoz","scoz019","episodes","replace modul="episodes" if page=="scoz019""
"scoz","scoz021","episodes","replace modul="episodes" if page=="scoz021""
"docz","docz008","episodes","replace modul="episodes" if page=="docz008""
"docz","docz011","episodes","replace modul="episodes" if page=="docz011""
"docz","docz016","episodes","replace modul="episodes" if page=="docz016""
"docz","docz026","episodes","replace modul="episodes" if page=="docz026""
"docz","docz027","episodes","replace modul="episodes" if page=="docz027""
"docz","docz029","episodes","replace modul="episodes" if page=="docz029""
"docz","docz030","episodes","replace modul="episodes" if page=="docz030""
"docz","docz032","episodes","replace modul="episodes" if page=="docz032""
"docz","docz035","episodes","replace modul="episodes" if page=="docz035""
"docz","docz037","episodes","replace modul="episodes" if page=="docz037""
"docz","docz039","episodes","replace modul="episodes" if page=="docz039""
"docz","docz042","episodes","replace modul="episodes" if page=="docz042""
"docz","docz044","episodes","replace modul="episodes" if page=="docz044""
"othz","othz008","episodes","replace modul="episodes" if page=="othz008""
"othz","othz010","episodes","replace modul="episodes" if page=="othz010""
"jobz","jobz001","episodes","replace modul="episodes" if page=="jobz001""
"empz","empz009","episodes","replace modul="episodes" if page=="empz009""
"empz","empz014","episodes","replace modul="episodes" if page=="empz014""
"empz","empz015","episodes","replace modul="episodes" if page=="empz015""
"empz","empz019","episodes","replace modul="episodes" if page=="empz019""
"empz","empz027","episodes","replace modul="episodes" if page=="empz027""
"empz","empz031","episodes","replace modul="episodes" if page=="empz031""
"empz","empz036","episodes","replace modul="episodes" if page=="empz036""
"empz","empz042","episodes","replace modul="episodes" if page=="empz042""
"empz","empz045","episodes","replace modul="episodes" if page=="empz045""
"empz","empz046","episodes","replace modul="episodes" if page=="empz046""
"empz","empz048","episodes","replace modul="episodes" if page=="empz048""
"empz","empz049","episodes","replace modul="episodes" if page=="empz049""
"empz","empz050","episodes","replace modul="episodes" if page=="empz050""
"empz","empz051","episodes","replace modul="episodes" if page=="empz051""
"empz","empz052","episodes","replace modul="episodes" if page=="empz052""
"empz","empz055","episodes","replace modul="episodes" if page=="empz055""
"empz","empz056","episodes","replace modul="episodes" if page=="empz056""
"empz","empz068","episodes","replace modul="episodes" if page=="empz068""
"empz","empz069","episodes","replace modul="episodes" if page=="empz069""
"empz","empz070","episodes","replace modul="episodes" if page=="empz070""
"empz","empz072","episodes","replace modul="episodes" if page=="empz072""
"empz","empz075","episodes","replace modul="episodes" if page=="empz075""
"uemz","uemz008","episodes","replace modul="episodes" if page=="uemz008""
"uemz","uemz009","episodes","replace modul="episodes" if page=="uemz009""
"semz","semz008","episodes","replace modul="episodes" if page=="semz008""
"semz","semz009","episodes","replace modul="episodes" if page=="semz009""
"semz","semz014","episodes","replace modul="episodes" if page=="semz014""
"semz","semz015","episodes","replace modul="episodes" if page=="semz015""
"semz","semz016","episodes","replace modul="episodes" if page=="semz016""
"semz","semz033","episodes","replace modul="episodes" if page=="semz033""
"semz","semz018","episodes","replace modul="episodes" if page=="semz018""
"semz","semz026","episodes","replace modul="episodes" if page=="semz026""
"semz","semz032","episodes","replace modul="episodes" if page=="semz032""
"semz","semz027","episodes","replace modul="episodes" if page=="semz027""
"semz","semz028","episodes","replace modul="episodes" if page=="semz028""
"semz","semz030","episodes","replace modul="episodes" if page=="semz030""
"index","index","conventional","replace modul="conventional" if page=="index""
"beg","beg_00","conventional","replace modul="conventional" if page=="beg_00""
"set","set_01","conventional","replace modul="conventional" if page=="set_01""
"beg","beg_01","conventional","replace modul="conventional" if page=="beg_01""
"beg","beg_02","conventional","replace modul="conventional" if page=="beg_02""
"beg","beg_03","conventional","replace modul="conventional" if page=="beg_03""
"psy","psy_00","conventional","replace modul="conventional" if page=="psy_00""
"psy","psy_01","conventional","replace modul="conventional" if page=="psy_01""
"psy","psy_02","conventional","replace modul="conventional" if page=="psy_02""
"psy","psy_03","conventional","replace modul="conventional" if page=="psy_03""
"psy","psy_04","conventional","replace modul="conventional" if page=="psy_04""
"sch","sch_00","conventional","replace modul="conventional" if page=="sch_00""
"sch","sch_01","conventional","replace modul="conventional" if page=="sch_01""
"sch","sch_02","conventional","replace modul="conventional" if page=="sch_02""
"sch","sch_03","conventional","replace modul="conventional" if page=="sch_03""
"sch","sch_04","conventional","replace modul="conventional" if page=="sch_04""
"sch","sch_05","conventional","replace modul="conventional" if page=="sch_05""
"sch","sch_06","conventional","replace modul="conventional" if page=="sch_06""
"cal","cal_00","conventional","replace modul="conventional" if page=="cal_00""
"zwischen","zwischen_cal","episodes","replace modul="episodes" if page=="zwischen_cal""
"aus","aus_00","conventional","replace modul="conventional" if page=="aus_00""
"aus","aus_01","conventional","replace modul="conventional" if page=="aus_01""
"aus","aus_02","conventional","replace modul="conventional" if page=="aus_02""
"zwischen","epi_end","episodes","replace modul="episodes" if page=="epi_end""
"stu","stu_00","conventional","replace modul="conventional" if page=="stu_00""
"stu","stu_01","conventional","replace modul="conventional" if page=="stu_01""
"stu","stu_02","conventional","replace modul="conventional" if page=="stu_02""
"stu","stu_03","conventional","replace modul="conventional" if page=="stu_03""
"stu","stu_04","conventional","replace modul="conventional" if page=="stu_04""
"stu","stu_05","conventional","replace modul="conventional" if page=="stu_05""
"stu","stu_06","conventional","replace modul="conventional" if page=="stu_06""
"stu","stu_07","conventional","replace modul="conventional" if page=="stu_07""
"stu","stu_08","conventional","replace modul="conventional" if page=="stu_08""
"stu","stu_09","conventional","replace modul="conventional" if page=="stu_09""
"stu","stu_10","conventional","replace modul="conventional" if page=="stu_10""
"stu","stu_11","conventional","replace modul="conventional" if page=="stu_11""
"stu","stu_12","conventional","replace modul="conventional" if page=="stu_12""
"mas","mas_01","conventional","replace modul="conventional" if page=="mas_01""
"stu","stu_13","conventional","replace modul="conventional" if page=="stu_13""
"stu","stu_14","conventional","replace modul="conventional" if page=="stu_14""
"stu","stu_14a","conventional","replace modul="conventional" if page=="stu_14a""
"stu","stu_15","conventional","replace modul="conventional" if page=="stu_15""
"stu","stu_16","conventional","replace modul="conventional" if page=="stu_16""
"stu","stu_17","conventional","replace modul="conventional" if page=="stu_17""
"stu","stu_18","conventional","replace modul="conventional" if page=="stu_18""
"stu","stu_19","conventional","replace modul="conventional" if page=="stu_19""
"suv","suv_00","conventional","replace modul="conventional" if page=="suv_00""
"suv","suv_01","conventional","replace modul="conventional" if page=="suv_01""
"suv","suv_02","conventional","replace modul="conventional" if page=="suv_02""
"suv","suv_03","conventional","replace modul="conventional" if page=="suv_03""
"suv","suv_04","conventional","replace modul="conventional" if page=="suv_04""
"emp","emp_01","conventional","replace modul="conventional" if page=="emp_01""
"emp","emp_02","conventional","replace modul="conventional" if page=="emp_02""
"emp","emp_03","conventional","replace modul="conventional" if page=="emp_03""
"emp","emp_04","conventional","replace modul="conventional" if page=="emp_04""
"emp","emp_09","conventional","replace modul="conventional" if page=="emp_09""
"gsh","gsh_00","conventional","replace modul="conventional" if page=="gsh_00""
"gsh","gsh_01","conventional","replace modul="conventional" if page=="gsh_01""
"gsh","gsh_02","conventional","replace modul="conventional" if page=="gsh_02""
"gsh","gsh_03","conventional","replace modul="conventional" if page=="gsh_03""
"gsh","gsh_04","conventional","replace modul="conventional" if page=="gsh_04""
"gsh","gsh_05","conventional","replace modul="conventional" if page=="gsh_05""
"skpp","skpp_00","conventional","replace modul="conventional" if page=="skpp_00""
"skpp","skpp_01","conventional","replace modul="conventional" if page=="skpp_01""
"skpp","skpp_02","conventional","replace modul="conventional" if page=="skpp_02""
"skpp","skpp_03","conventional","replace modul="conventional" if page=="skpp_03""
"skpp","skpp_04","conventional","replace modul="conventional" if page=="skpp_04""
"skpp","skpp_05","conventional","replace modul="conventional" if page=="skpp_05""
"dem","dem_00","conventional","replace modul="conventional" if page=="dem_00""
"dem","dem_07","conventional","replace modul="conventional" if page=="dem_07""
"dem","dem_10","conventional","replace modul="conventional" if page=="dem_10""
"dem","dem_13","conventional","replace modul="conventional" if page=="dem_13""
"dem","dem_15","conventional","replace modul="conventional" if page=="dem_15""
"dem","dem_17","conventional","replace modul="conventional" if page=="dem_17""
"dem","dem_18","conventional","replace modul="conventional" if page=="dem_18""
"dem","dem_19","conventional","replace modul="conventional" if page=="dem_19""
"dem","dem_20","conventional","replace modul="conventional" if page=="dem_20""
"dem","dem_36","conventional","replace modul="conventional" if page=="dem_36""
"dem","dem_37","conventional","replace modul="conventional" if page=="dem_37""
"dem","dem_39","conventional","replace modul="conventional" if page=="dem_39""
"end","end_0","conventional","replace modul="conventional" if page=="end_0""
"end","end","conventional","replace modul="conventional" if page=="end""
"empa","empa040","episodes","replace modul="episodes" if page=="empa040""
